GDP growth (annual %),NY.GDP.MKTP.KD.ZG,Afghanistan,AFG,..,..,..,8.444163227,1.055555787,11.17527024,5.554137623,13.74020499,3.611368392,21.02064874,8.433290482,6.113685169,14.43474129,1.959122893,1.312530908,1.112557519
GDP growth (annual %),NY.GDP.MKTP.KD.ZG,Albania,ALB,6.666620499,7.940331425,4.231371018,5.773490561,5.709556596,5.720819947,5.431012739,5.9,7.529999989,3.350000009,3.709999994,2.550000005,1.419999998,1.109999993,1.799999998,2.590000005
GDP growth (annual %),NY.GDP.MKTP.KD.ZG,Algeria,DZA,3.819678496,3.008395466,5.60932319,7.201872244,4.301624264,5.907791268,1.684488319,3.372875154,2.360134861,1.632243838,3.634145353,2.891865995,3.374768651,2.767638867,3.789121212,3.763466958
GDP growth (annual %),NY.GDP.MKTP.KD.ZG,American Samoa,ASM,..,..,..,0.814111262,0.538358008,-0.401606426,-4.166666667,1.963534362,-2.613480055,-4.237288136,0.442477876,0.293685756,-4.39238653,-3.215926493,1.424050633,1.092043682
GDP growth (annual %),NY.GDP.MKTP.KD.ZG,Andorra,AND,1.165787079,6.066780597,6.426845139,12.02391974,8.069504291,7.839704496,4.585310593,0.078039378,-8.594256008,-3.817986024,-5.347977181,-4.802675037,-1.760010328,-0.063514313,..,..
GDP growth (annual %),NY.GDP.MKTP.KD.ZG,Angola,AGO,3.012076171,4.220965147,-6.940461553,5.247494541,10.87957748,18.26145032,20.73512488,22.5930543,13.81714581,2.412869693,3.407654794,3.918596986,5.155440545,6.81358577,4.804472704,3.006980545
GDP growth (annual %),NY.GDP.MKTP.KD.ZG,Antigua and Barbuda,ATG,6.084634973,-5.196166358,1.087719703,6.110539449,5.811431058,6.287283752,12.80496079,9.289614439,0.047676393,-12.03555504,-7.041724676,-1.763273019,3.837469787,-0.200091657,4.602793308,4.126997099
GDP growth (annual %),NY.GDP.MKTP.KD.ZG,Argentina,ARG,-0.788998939,-4.408839683,-10.89448483,8.837040796,9.029573301,8.85165992,8.0471515,9.007650875,4.057233103,-5.918525076,10.12539816,6.003951693,-1.026420454,2.405323781,-2.512615321,2.647271415
GDP growth (annual %),NY.GDP.MKTP.KD.ZG,Armenia,ARM,5.9,9.556641496,13.18630053,14.04079506,10.46784186,13.86571125,13.19800352,13.74920196,6.900000002,-14.14998864,2.199999999,4.699999999,7.200000003,3.300000002,3.600000001,2.999999997
GDP growth (annual %),NY.GDP.MKTP.KD.ZG,Aruba,ABW,-0.364695779,-2.164459409,0.465289865,7.519472373,1.176690484,0.380390971,2.355119443,-3.654626242,-6.881302064,-5.653502086,..,..,..,..,..,..
GDP growth (annual %),NY.GDP.MKTP.KD.ZG,Australia,AUS,3.867868797,1.930054261,3.852927051,3.068304851,4.145671395,3.203548132,2.978054386,3.74972737,3.698140685,1.811957199,2.005879701,2.3728207,3.634249616,2.569856088,2.60945748,2.421610556
GDP growth (annual %),NY.GDP.MKTP.KD.ZG,Austria,AUT,3.368407715,1.35051608,1.655854943,0.756156576,2.705743088,2.140682596,3.350831358,3.621510423,1.547263839,-3.799075048,1.928673056,2.807999932,0.7457561,0.124223545,0.644844832,0.963058399
GDP growth (annual %),NY.GDP.MKTP.KD.ZG,Azerbaijan,AZE,11.09999925,9.9,10.5999992,11.20000024,10.2000004,26.40000081,34.49999951,25.04899952,10.77242078,9.410653764,4.854339324,0.065922768,2.200000188,5.796678396,2,1.099999809
GDP growth (annual %),NY.GDP.MKTP.KD.ZG,"Bahamas, The",BHS,4.1492464,2.625627121,2.704629513,-1.264744629,0.882884233,3.39529267,2.516863841,1.446522215,-2.324172373,-4.180919802,1.547005157,0.611979167,3.08010871,0.012554928,-0.527240773,-1.653205452
GDP growth (annual %),NY.GDP.MKTP.KD.ZG,Bahrain,BHR,5.299994794,2.491033565,3.614148289,6.023951196,6.980946984,6.768939709,6.468567672,8.292443822,6.245128341,2.539772469,4.334407088,1.983823256,3.732251521,5.416503715,4.34984233,2.861967825
GDP growth (annual %),NY.GDP.MKTP.KD.ZG,Bangladesh,BGD,5.293294718,5.077287776,3.83312394,4.739567399,5.23953291,6.535944941,6.671868265,7.058636206,6.013789759,5.045124794,5.571802274,6.46438388,6.521435078,6.013596067,6.061093054,6.552633316
GDP growth (annual %),NY.GDP.MKTP.KD.ZG,Barbados,BRB,4.453059514,-2.36733875,0.791122984,2.171253823,1.406764442,3.96497442,5.668590896,1.764284435,0.396022177,-4.041023843,0.264912761,0.756195335,0.298399494,-0.072124053,0.063154096,0.901631954
GDP growth (annual %),NY.GDP.MKTP.KD.ZG,Belarus,BLR,5.800000001,4.725306006,5.045267318,7.043192675,11.44974293,9.4,10,8.6,10.2,0.2,7.793696038,5.543711462,1.731391223,1.023984805,1.723086003,-3.829570558
GDP growth (annual %),NY.GDP.MKTP.KD.ZG,Belgium,BEL,3.633841364,0.811644083,1.780253197,0.774498227,3.634776681,2.094484986,2.499134928,3.397493226,0.747284182,-2.285112803,2.695144611,1.796629974,0.137051659,-0.062349215,1.646183423,1.476058965
GDP growth (annual %),NY.GDP.MKTP.KD.ZG,Belize,BLZ,13.03876213,5.015662999,5.118559443,9.326537858,4.650468034,2.578742031,4.582560297,1.104310804,3.228494977,0.71311775,3.32444222,2.103950804,3.824748783,1.31407917,4.081034021,2.299416201
GDP growth (annual %),NY.GDP.MKTP.KD.ZG,Benin,BEN,5.859992101,5.330410857,4.644470026,3.444044849,4.429629024,1.711577628,3.947013747,5.986515522,4.893393918,2.319226924,2.116850127,2.962750351,4.810283413,7.193096519,6.357520953,2.094457981
GDP growth (annual %),NY.GDP.MKTP.KD.ZG,Bermuda,BMU,9.317155577,7.222436009,-1.477790375,3.410706204,2.321266476,1.674207149,5.543865928,2.845890114,1.52789391,-5.284177149,-2.094113534,-3.33949441,-4.834540171,-2.511154431,..,..
GDP growth (annual %),NY.GDP.MKTP.KD.ZG,Bhutan,BTN,6.93302424,8.203773861,10.72784061,7.664334042,5.896408192,7.12255965,6.849365932,17.92582494,4.768354226,6.657223796,11.73085436,7.890913893,5.071709815,2.142496554,5.745455168,6.491370587
GDP growth (annual %),NY.GDP.MKTP.KD.ZG,Bolivia,BOL,2.507810809,1.683799127,2.485565738,2.711339837,4.173295589,4.421433127,4.797008824,4.564284925,6.148597672,3.357001259,4.126722565,5.204092718,5.122274661,6.796011706,5.460569752,4.857187895
GDP growth (annual %),NY.GDP.MKTP.KD.ZG,Bosnia and Herzegovina,BIH,5.500000436,4.399999507,5.300000267,4.000000065,6.099999771,8.758230335,5.378476821,5.728756912,5.48150787,-2.869881278,0.767254237,0.908247974,-0.933187591,2.394191979,1.08187567,3.015921353
GDP growth (annual %),NY.GDP.MKTP.KD.ZG,Botswana,BWA,1.987695854,0.250573867,6.069530868,4.625894792,2.705821737,4.556645657,8.363871069,8.276763758,6.245437398,-7.652310203,8.563631748,6.048316381,4.456167218,11.34342423,4.149252734,-1.699936086
GDP growth (annual %),NY.GDP.MKTP.KD.ZG,Brazil,BRA,4.11256491,1.389867166,3.053303731,1.141007013,5.759876004,3.202135213,3.961902656,6.069872846,5.09434227,-0.125873062,7.528223562,3.974425406,1.921150318,3.004865359,0.503961791,-3.769252669
GDP growth (annual %),NY.GDP.MKTP.KD.ZG,British Virgin Islands,VGB,..,..,..,..,..,..,..,..,..,..,..,..,..,..,..,..
GDP growth (annual %),NY.GDP.MKTP.KD.ZG,Brunei Darussalam,BRN,2.849421858,2.744040518,3.872096967,2.903955477,0.504318253,0.387507208,4.397719678,0.154581812,-1.939714638,-1.764535541,2.598965746,3.745318352,0.912841671,-2.126028517,-2.34974675,-0.566814609
GDP growth (annual %),NY.GDP.MKTP.KD.ZG,Bulgaria,BGR,5.010949436,4.248025257,6.018122264,5.077522246,6.555566547,7.236192982,6.753133915,7.675350682,5.647005366,-4.219726999,0.054557923,1.915018011,0.030943608,0.862092738,1.328849722,3.617442633
GDP growth (annual %),NY.GDP.MKTP.KD.ZG,Burkina Faso,BFA,1.820241893,6.613399555,4.353004323,7.802439898,4.478474349,8.661861605,6.253158604,5.655005118,7.29449815,2.962014371,8.446325183,6.521769448,6.452674754,2.814663076,4.185944746,3.998022357
GDP growth (annual %),NY.GDP.MKTP.KD.ZG,Burundi,BDI,-0.856864059,2.055807109,4.446519419,-1.223727959,4.833657762,0.900000003,5.384657398,4.785831951,5.048118783,3.468425425,3.785902543,4.191625681,4.01936553,4.594054218,4.660918184,-3.904919355
GDP growth (annual %),NY.GDP.MKTP.KD.ZG,Cabo Verde,CPV,14.28486883,2.231654493,5.250891246,4.176259302,10.19707261,6.912457988,7.983750447,15.170688,6.65052049,-1.270425968,1.466790097,3.968886345,1.081918312,0.802797545,0.611212683,1.066046146
GDP growth (annual %),NY.GDP.MKTP.KD.ZG,Cambodia,KHM,8.767471484,8.148386098,6.578939502,8.505895557,10.34052878,13.25008691,10.77108367,10.21257391,6.691577475,0.086696959,5.963078575,7.069569946,7.313345505,7.427900099,7.071525352,7.036087179
GDP growth (annual %),NY.GDP.MKTP.KD.ZG,Cameroon,CMR,4.173581032,4.514271087,4.009044571,4.030993316,3.701854054,2.296852856,3.224002985,3.255664493,2.884046234,1.931850591,3.268648874,4.140591847,4.588738701,5.561688129,5.926964959,5.773247581
GDP growth (annual %),NY.GDP.MKTP.KD.ZG,Canada,CAN,5.182690286,1.770819089,3.010016308,1.802273312,3.085961209,3.201382137,2.623412623,2.06274769,1.000360973,-2.949587643,3.08351422,3.141219001,1.745472283,2.475001859,2.565299274,0.941675857
GDP growth (annual %),NY.GDP.MKTP.KD.ZG,Cayman Islands,CYM,..,..,..,..,..,..,..,..,..,..,..,..,..,..,..,..
GDP growth (annual %),NY.GDP.MKTP.KD.ZG,Central African Republic,CAF,-2.48943244,4.464739026,3.616542192,-5.397485219,5.994884228,0.908210515,4.77108543,4.607534855,2.054130962,1.70923922,3.046634733,3.300719157,4.112797869,-36.69995244,1.040018047,4.799886081
GDP growth (annual %),NY.GDP.MKTP.KD.ZG,Chad,TCD,-0.879681025,11.65813465,8.491209819,14.72166701,33.62937185,17.33253374,0.648262014,3.271499579,3.052691532,4.217695552,13.55010086,0.082869798,8.882576072,5.700001363,6.899985045,1.799999521
GDP growth (annual %),NY.GDP.MKTP.KD.ZG,Channel Islands,CHI,5.826641469,-1.51296126,-1.632206598,-3.202156942,0.224197396,1.377734157,4.882299364,5.898329661,..,..,..,..,..,..,..,..
GDP growth (annual %),NY.GDP.MKTP.KD.ZG,Chile,CHL,5.326938419,3.303047313,3.106970532,4.091047685,7.209539709,5.742830489,6.317176343,4.905324504,3.529530553,-1.564239443,5.844177296,6.110918829,5.318628,4.045004298,1.909693358,2.252536753
GDP growth (annual %),NY.GDP.MKTP.KD.ZG,China,CHN,8.491508492,8.33991055,9.130645945,10.03560303,10.11122346,11.39577594,12.71947902,14.23138804,9.654289373,9.399813171,10.63614046,9.536443008,7.85626211,7.757635146,7.297665959,6.900204824
GDP growth (annual %),NY.GDP.MKTP.KD.ZG,Colombia,COL,4.419993,1.677898308,2.503980465,3.918271904,5.333022067,4.706555934,6.697515258,6.900627655,3.546804886,1.651549245,3.971800705,6.589511516,4.043943806,4.874065579,4.39360834,3.052016573
GDP growth (annual %),NY.GDP.MKTP.KD.ZG,Comoros,COM,10.84807495,2.332936494,2.324779259,2.104101953,1.919602379,2.837407764,2.646899868,0.800152799,0.400266855,1.949999978,2.199999982,2.600000088,2.999999972,3.499999994,2.061639469,1.015118459
GDP growth (annual %),NY.GDP.MKTP.KD.ZG,"Congo, Dem. Rep.",COD,-6.910927317,-2.100173025,2.947765184,5.577822311,6.738373933,6.135151155,5.320981058,6.259469847,6.225900286,2.855060107,7.078889424,6.864630026,7.157859628,8.503503317,9.509963565,6.88273
GDP growth (annual %),NY.GDP.MKTP.KD.ZG,"Congo, Rep.",COG,7.575980392,3.8026019,4.581870061,0.813264075,3.476631623,7.755758978,6.235997013,-1.58222275,5.572264173,7.468878032,8.751655799,3.42062127,3.799995854,3.440705249,6.779940953,2.646447938
GDP growth (annual %),NY.GDP.MKTP.KD.ZG,Costa Rica,CRI,3.73453301,3.490469432,3.291753197,4.255476254,4.336575111,3.870873066,7.237732806,8.167896116,4.649598462,-0.970548313,4.951863844,4.30710166,4.796919919,2.2690274,3.656803633,4.723266702
GDP growth (annual %),NY.GDP.MKTP.KD.ZG,Cote d'Ivoire,CIV,-2.068400057,0.121371915,-1.667642138,-1.359535943,1.23177284,1.721247367,1.515842364,1.765036784,2.542841476,3.251453719,2.017638592,-4.387254788,10.7065041,8.889421302,8.79407739,9.163380703
GDP growth (annual %),NY.GDP.MKTP.KD.ZG,Croatia,HRV,3.767496172,3.434404365,5.246474529,5.557907035,4.082810688,4.163840897,4.785120878,5.15000498,2.0533655,-7.383783,-1.701249763,-0.281262662,-2.187429172,-1.063921096,-0.491757527,1.641442067
GDP growth (annual %),NY.GDP.MKTP.KD.ZG,Cuba,CUB,5.914760019,3.185029904,1.424821261,3.792740223,5.77053807,11.20165656,12.06586298,7.262136966,4.116828042,1.451305431,2.390352297,2.802300836,3.014900289,2.747602563,1.047576632,4.438333589
GDP growth (annual %),NY.GDP.MKTP.KD.ZG,Curacao,CUW,..,..,..,..,..,..,..,..,..,..,..,..,..,..,..,..
GDP growth (annual %),NY.GDP.MKTP.KD.ZG,Cyprus,CYP,5.724401738,3.60066503,3.399104373,2.475869511,4.570303485,3.724317726,4.51018332,4.820710541,3.863966058,-1.772450751,1.317777804,0.321196,-3.157777674,-5.95274791,-1.531451634,1.679273729
GDP growth (annual %),NY.GDP.MKTP.KD.ZG,Czech Republic,CZE,4.294136059,3.051521283,1.64694964,3.601842545,4.947456257,6.4422623,6.87654427,5.529266339,2.710955571,-4.841785296,2.295089687,2.004704006,-0.799844281,-0.483671041,2.715116132,4.535628699
GDP growth (annual %),NY.GDP.MKTP.KD.ZG,Denmark,DNK,3.746900212,0.8231493,0.466344928,0.390073865,2.668193459,2.336664491,3.912980152,0.909252996,-0.512025222,-4.906525558,1.870992639,1.336774667,0.226468476,0.933349282,1.67593432,1.606086132
GDP growth (annual %),NY.GDP.MKTP.KD.ZG,Djibouti,DJI,0.416213954,2.047764413,2.61856229,3.199959365,3.8264761,3.169601169,4.799864683,5.100061387,5.799962619,5.032627058,3.486917489,4.467514526,4.842379573,4.999907255,6.000194324,6.500508308
GDP growth (annual %),NY.GDP.MKTP.KD.ZG,Dominica,DMA,0.375310954,0.473103034,-1.753160254,7.687213049,3.250144236,-0.088242377,2.9296875,6.321005693,7.120741901,-1.169757154,0.672542759,-0.231011331,-1.069790405,0.770640683,4.186963091,-1.762145005
GDP growth (annual %),NY.GDP.MKTP.KD.ZG,Dominican Republic,DOM,5.656604877,1.809229488,5.788207316,-0.25335881,1.31195822,9.262750074,10.67115484,8.710414118,3.209504262,0.946155168,8.317067728,3.101917311,2.793910372,4.742064192,7.608964836,7.040936189
GDP growth (annual %),NY.GDP.MKTP.KD.ZG,Ecuador,ECU,1.091801564,4.0156299,4.096776659,2.722877337,8.211020917,5.291308267,4.403526434,2.190063972,6.3571306,0.566491592,3.525298669,7.868140919,5.641962067,4.946511267,3.992708509,0.157743724
GDP growth (annual %),NY.GDP.MKTP.KD.ZG,"Egypt, Arab Rep.",EGY,5.367997672,3.53525197,2.370460092,3.19228475,4.0899404,4.478960164,6.853907786,7.090271001,7.157616776,4.673844855,5.14510637,1.779594033,2.215608782,2.185466054,2.91591188,4.372019078
GDP growth (annual %),NY.GDP.MKTP.KD.ZG,El Salvador,SLV,2.152652497,1.708936396,2.340822748,2.30003827,1.850535583,3.562814501,3.911948645,3.839765177,1.27389861,-3.13305645,1.365346664,2.216720545,1.881061224,1.846648018,1.42547573,2.29877052
GDP growth (annual %),NY.GDP.MKTP.KD.ZG,Equatorial Guinea,GNQ,18.21377996,63.37987543,19.46283404,13.95525032,37.99872686,16.74870061,7.704917607,15.28211392,17.79910913,1.343356288,-8.924175889,6.52392363,8.312871844,-4.133192499,-0.694533428,-9.128754075
GDP growth (annual %),NY.GDP.MKTP.KD.ZG,Eritrea,ERI,-3.141985774,8.75543519,3.005429218,-2.655515842,1.451735534,2.57444953,-0.969216929,1.42682206,-9.783030037,3.87650156,2.194190545,8.679799936,..,..,..,..
GDP growth (annual %),NY.GDP.MKTP.KD.ZG,Estonia,EST,10.56807495,6.328710504,6.076394702,7.416163365,6.294746225,9.373711454,10.27188409,7.748192368,-5.41945589,-14.72440391,2.259075894,7.597300209,4.307258988,1.41521431,2.822906967,1.444215805
GDP growth (annual %),NY.GDP.MKTP.KD.ZG,Ethiopia,ETH,6.073217492,8.301306322,1.514725693,-2.161359721,13.57260315,11.81876594,10.83472707,11.456167,10.78852168,8.802553202,12.55053834,11.17829624,8.647811635,10.58227004,10.25749296,10.39246302
GDP growth (annual %),NY.GDP.MKTP.KD.ZG,Faroe Islands,FRO,..,..,..,..,..,..,..,..,..,..,..,..,..,..,..,..
GDP growth (annual %),NY.GDP.MKTP.KD.ZG,Fiji,FJI,-1.69999854,1.999999468,3.200000514,0.999998468,5.300000292,0.700000383,1.852483092,-0.850653535,1.032794215,-1.386037485,2.954672074,2.705142971,1.883476699,6.080493782,5.446469358,5.563460245
GDP growth (annual %),NY.GDP.MKTP.KD.ZG,Finland,FIN,5.634847452,2.580792075,1.680325089,1.993984087,3.926057175,2.779955031,4.055197444,5.184800809,0.720668487,-8.269036558,2.992337502,2.570817745,-1.42618936,-0.758036295,-0.631728091,0.268556389
GDP growth (annual %),NY.GDP.MKTP.KD.ZG,France,FRA,3.875162259,1.954449425,1.118456892,0.81953167,2.786424111,1.607713814,2.3749469,2.361498873,0.195294766,-2.941341055,1.965657375,2.079229175,0.182693034,0.576241547,0.947586471,1.067461648
GDP growth (annual %),NY.GDP.MKTP.KD.ZG,French Polynesia,PYF,4.000000343,..,..,..,..,..,..,..,..,..,..,..,..,..,..,..
GDP growth (annual %),NY.GDP.MKTP.KD.ZG,Gabon,GAB,-1.882966398,2.135233422,-0.249033169,2.247330012,0.689543058,3.900705466,-3.634637434,5.658952383,-3.308430649,0.13033112,7.089887315,7.091753343,5.251076918,5.63841405,4.314877125,3.879257595
GDP growth (annual %),NY.GDP.MKTP.KD.ZG,"Gambia, The",GMB,5.500000174,5.800000236,-3.250000307,6.869999803,7.049999934,-0.941675912,1.124099702,3.631025533,5.734641946,6.449695858,6.524632607,-4.328668868,5.862230311,4.780907872,0.877460638,4.715879134
GDP growth (annual %),NY.GDP.MKTP.KD.ZG,Georgia,GEO,1.838341787,4.805452136,5.473838085,11.05810212,5.857329773,9.599640804,9.383276297,12.34399988,2.314047429,-3.650101341,6.24941822,7.22152322,6.350482702,3.387043755,4.62333166,2.880318509
GDP growth (annual %),NY.GDP.MKTP.KD.ZG,Germany,DEU,2.962045368,1.695471452,0,-0.709906172,1.169970413,0.706713948,3.700159572,3.260535297,1.082315404,-5.618860435,4.079933305,3.660000155,0.491992829,0.489584482,1.595338098,1.7207335
GDP growth (annual %),NY.GDP.MKTP.KD.ZG,Ghana,GHA,3.700000115,4,4.499999699,5.199999984,5.59999999,5.900003953,6.399912419,4.346819153,9.149799094,4.845756132,7.899740293,14.04600263,9.292511869,7.312525021,3.985865624,3.915895644
GDP growth (annual %),NY.GDP.MKTP.KD.ZG,Gibraltar,GIB,..,..,..,..,..,..,..,..,..,..,..,..,..,..,..,..
GDP growth (annual %),NY.GDP.MKTP.KD.ZG,Greece,GRC,3.919770772,4.131612076,3.922871842,5.794531264,5.060992565,0.599142055,5.65243372,3.273746857,-0.335172557,-4.300733667,-5.479037108,-9.132494153,-7.300493935,-3.241425025,0.352849233,-0.219147178
GDP growth (annual %),NY.GDP.MKTP.KD.ZG,Greenland,GRL,7.101596385,1.269035435,-0.971177904,-0.379625743,6.733427113,2.743728226,7.107168166,0.597979933,3.599853475,1.491481839,2.711091404,1.491674376,1.519121948,-2.962103924,-0.815753763,1.65503195
GDP growth (annual %),NY.GDP.MKTP.KD.ZG,Grenada,GRD,4.887953465,-2.023900041,3.43732353,9.463973431,-0.647450316,13.27306387,-4.017708784,6.150583245,0.949050949,-6.613908956,-0.511266454,0.764825341,-1.155295176,2.352300913,7.356770265,6.228710462
GDP growth (annual %),NY.GDP.MKTP.KD.ZG,Guam,GUM,..,..,..,0.920598389,6.431014823,3.535461753,-3.828642384,0.81773187,1.728922092,0.314729333,2.091612633,0.12292563,2.025782689,1.865222623,1.260090569,0.4472098
GDP growth (annual %),NY.GDP.MKTP.KD.ZG,Guatemala,GTM,3.608868745,2.33257416,3.866626553,2.530789948,3.152081835,3.260111043,5.379776769,6.304056515,3.281152283,0.52567459,2.869902893,4.161945918,2.970025412,3.697177338,4.174400627,4.140044358
GDP growth (annual %),NY.GDP.MKTP.KD.ZG,Guinea,GIN,2.503060561,3.658346471,5.164609466,1.24860126,2.340117313,2.997272561,2.496728569,1.757682351,4.936932709,-0.280192286,1.936217423,3.90876145,3.944111989,2.299999238,0.399998601,0.099994528
GDP growth (annual %),NY.GDP.MKTP.KD.ZG,Guinea-Bissau,GNB,5.426987367,2.188906815,-0.985177525,0.568510176,2.76140199,4.265425195,2.309750124,3.205047637,3.207377203,3.311677665,4.431841531,9.334144235,-1.79798851,0.820272407,2.541075109,4.796779821
GDP growth (annual %),NY.GDP.MKTP.KD.ZG,Guyana,GUY,-1.376727515,2.249999297,1.051000768,-1.00525525,3.293924791,-1.956911156,5.129609355,7.020313451,1.976647058,3.31862417,4.370869417,5.437126058,4.816458917,5.22162589,3.840915282,3.174454462
GDP growth (annual %),NY.GDP.MKTP.KD.ZG,Haiti,HTI,0.87005972,-1.044374391,-0.251464534,0.363800337,-3.522888132,1.805010846,2.249221904,3.343279015,0.843944329,3.083247688,-5.497792337,5.523737754,2.885096051,4.234052891,2.810148498,1.211218343
GDP growth (annual %),NY.GDP.MKTP.KD.ZG,Honduras,HND,5.748148174,2.723193273,3.754337861,4.547038052,6.232302961,6.050599222,6.567243552,6.188327167,4.23160011,-2.43162788,3.731140344,3.835690662,4.128687749,2.791559757,3.058080562,3.640698872
GDP growth (annual %),NY.GDP.MKTP.KD.ZG,"Hong Kong SAR, China",HKG,7.663460147,0.560825975,1.656729719,3.056366722,8.700100888,7.388148915,7.03266663,6.464825366,2.12793344,-2.459090067,6.767648064,4.814657666,1.700296616,3.101566931,2.762408155,2.394300776
GDP growth (annual %),NY.GDP.MKTP.KD.ZG,Hungary,HUN,4.202333971,3.774101285,4.503063882,3.82774715,5.005389217,4.38289382,3.855745781,0.448348194,0.889204526,-6.563634275,0.677098149,1.739423344,-1.602512404,2.117146834,4.04732118,3.148083829
GDP growth (annual %),NY.GDP.MKTP.KD.ZG,Iceland,ISL,4.680514158,3.833743501,0.314701912,2.44014019,8.09977495,6.704392043,5.000661126,9.350069307,1.519365512,-6.94394119,-3.559864876,1.987130754,1.217535365,4.41153541,1.925143976,4.096500228
GDP growth (annual %),NY.GDP.MKTP.KD.ZG,India,IND,3.840991157,4.823966264,3.803975321,7.860381475,7.922943418,9.284824616,9.263964759,9.801360337,3.890957062,8.479783897,10.25996306,6.6383638,5.456387552,6.386106401,7.505220233,8.01005265
GDP growth (annual %),NY.GDP.MKTP.KD.ZG,Indonesia,IDN,4.920067747,3.643466447,4.499475391,4.780369122,5.030873945,5.692571304,5.500951785,6.345022227,6.0137036,4.628871183,6.223854181,6.169784208,6.030050653,5.557263689,5.006668426,4.876254582
GDP growth (annual %),NY.GDP.MKTP.KD.ZG,"Iran, Islamic Rep.",IRN,5.845527476,2.392172712,8.07882928,8.639298397,4.336665979,4.208690356,5.704251918,9.116167365,0.923695792,2.314710619,6.577374352,3.749690486,-6.608687255,-1.911575057,4.343343402,-1.5
GDP growth (annual %),NY.GDP.MKTP.KD.ZG,Iraq,IRQ,1.406474812,2.305316984,-6.900180223,-33.10083802,54.15777462,4.400617192,10.15819958,1.377598148,8.228107104,3.379299094,6.402564845,7.5464712,13.93643017,6.572160298,0.7,4.8
GDP growth (annual %),NY.GDP.MKTP.KD.ZG,Ireland,IRL,9.912390825,6.051904617,5.57697237,3.673111175,6.724903354,5.766120585,5.866128966,3.79662986,-4.373481337,-4.565114328,2.033546407,-0.040563406,-1.102882273,1.098843394,8.462361941,26.27606011
GDP growth (annual %),NY.GDP.MKTP.KD.ZG,Isle of Man,IMN,5.338364279,5.376166334,5.868974884,6.327778883,5.199996721,5.900003046,7.700001498,7.457065044,9.84866342,2.127151152,9.415889627,4.814762146,6.249540692,4.493510306,5.03114162,..
GDP growth (annual %),NY.GDP.MKTP.KD.ZG,Israel,ISR,8.942023065,0.241579641,-0.068274779,1.177134254,5.114051712,4.389914718,5.801808374,6.13507899,3.059407048,1.268661902,5.517022938,5.062178851,2.381800262,4.376328279,3.163047034,2.507836062
GDP growth (annual %),NY.GDP.MKTP.KD.ZG,Italy,ITA,3.710107987,1.77218597,0.248546306,0.151323895,1.581936027,0.949664837,2.00658763,1.473871503,-1.050405284,-5.482053957,1.686523279,0.57662466,-2.819019127,-1.728157335,0.113671537,0.783243955
GDP growth (annual %),NY.GDP.MKTP.KD.ZG,Jamaica,JAM,0.878703548,1.344929564,1.997290944,3.666317593,1.3237251,0.893797936,2.89912535,1.431954037,-0.812752927,-4.332824094,-1.468990555,1.72904781,-0.621954187,0.503639921,0.694621084,0.996498915
GDP growth (annual %),NY.GDP.MKTP.KD.ZG,Japan,JPN,2.779542546,0.406249445,0.118100784,1.528242023,2.204730325,1.662752768,1.419984392,1.654282905,-1.093479004,-5.417119742,4.192289082,-0.115461941,1.495028543,2.000489572,0.335664786,1.219438139
GDP growth (annual %),NY.GDP.MKTP.KD.ZG,Jordan,JOR,4.245247419,5.268616571,5.784480682,4.161050302,8.567297894,8.146583289,8.093331161,8.175719022,7.23240848,5.47658105,2.311392474,2.58712783,2.650383647,2.829210769,3.096330275,2.39169597
GDP growth (annual %),NY.GDP.MKTP.KD.ZG,Kazakhstan,KAZ,9.800000002,13.5,9.800000002,9.3,9.6,9.699999999,10.7,8.9,3.3,1.199999999,7.3,7.4,4.8,6,4.2,1.2
GDP growth (annual %),NY.GDP.MKTP.KD.ZG,Kenya,KEN,0.599695392,3.779906496,0.54685953,2.932475546,5.104299776,5.906666082,6.472494299,6.850729771,0.232282746,3.306939815,8.402277064,6.11161346,4.563200169,5.879763868,5.351839858,5.713382918
GDP growth (annual %),NY.GDP.MKTP.KD.ZG,Kiribati,KIR,6.25,-1.470588235,3.787462687,2.006324636,-1.629360204,4.951631626,-1.581000681,2.202171925,-1.847437264,0.289623952,-1.607639217,0.476842245,5.187798487,5.782166321,2.408687699,3.497048403
GDP growth (annual %),NY.GDP.MKTP.KD.ZG,"Korea, Dem. People?s Rep.",PRK,..,..,..,..,..,..,..,..,..,..,..,..,..,..,..,..
GDP growth (annual %),NY.GDP.MKTP.KD.ZG,"Korea, Rep.",KOR,8.924426034,4.525306764,7.432433614,2.933217902,4.89984045,3.923677392,5.176153818,5.463396393,2.829223173,0.707509946,6.496793586,3.681688569,2.292397846,2.896204935,3.341447761,2.790236167
GDP growth (annual %),NY.GDP.MKTP.KD.ZG,Kosovo,XKX,..,26.97391784,-0.700948289,5.980145596,2.612126758,6.033229748,4.503031756,7.286082986,2.644818653,3.341665533,3.309574839,4.619578328,2.808457654,3.440464709,1.218533857,4.076430392
GDP growth (annual %),NY.GDP.MKTP.KD.ZG,Kuwait,KWT,4.694581988,0.729026414,3.000000009,17.32000038,10.7621943,10.07595099,7.52024923,5.991661246,2.479843833,-7.076102616,-2.367061944,9.628436082,6.626388081,1.149038847,0.500109942,1.846999262
GDP growth (annual %),NY.GDP.MKTP.KD.ZG,Kyrgyz Republic,KGZ,5.426673849,5.32158429,-0.017353166,7.030296139,7.026859719,-0.175548229,3.102898691,8.542874896,8.401615957,2.8862947,-0.471566848,5.956274377,-0.088150193,10.91546938,4.024038629,3.875825574
GDP growth (annual %),NY.GDP.MKTP.KD.ZG,Lao PDR,LAO,5.798782326,5.751412882,5.918743682,6.067002304,6.35769548,7.107568369,8.619266209,7.596828801,7.824902763,7.501774913,8.526905517,8.038652681,8.026283279,8.024751869,7.613516487,7.270925783
GDP growth (annual %),NY.GDP.MKTP.KD.ZG,Latvia,LVA,5.406859478,6.461313552,7.103025871,8.430699701,8.335544621,10.69703379,11.88938797,9.949391189,-3.608915561,-14.33224401,-3.78964989,6.381500691,4.005269307,2.626556818,2.119918779,2.71212826
GDP growth (annual %),NY.GDP.MKTP.KD.ZG,Lebanon,LBN,1.34406653,3.871259086,3.415104761,3.222473968,5.913768934,2.732282853,1.556479033,9.349502765,9.126165151,10.30405054,7.960433349,1.982547993,2.2,0.9,1.8,1.3
GDP growth (annual %),NY.GDP.MKTP.KD.ZG,Lesotho,LSO,3.875546611,3.56158231,0.723835765,4.559776789,1.692373902,3.466122778,4.230095022,4.809216463,6.659353143,2.151284968,6.53630855,6.630322312,5.901091561,2.152564147,2.277474893,5.613827027
GDP growth (annual %),NY.GDP.MKTP.KD.ZG,Liberia,LBR,28.61593335,2.918717298,3.762764999,-30.14522252,2.620605256,5.28197573,8.043162022,9.534892858,7.146939285,5.300099075,6.099944692,8.199998146,7.99445127,8.703875016,0.701141636,0
GDP growth (annual %),NY.GDP.MKTP.KD.ZG,Libya,LBY,3.679213293,-1.762878168,-0.958849381,13.01600108,4.461629982,11.87072893,6.500547227,6.352316994,2.66735579,-0.790141832,5.021289739,-62.07591958,..,..,..,..
GDP growth (annual %),NY.GDP.MKTP.KD.ZG,Liechtenstein,LIE,3.220190998,-0.733091477,-0.993919345,-1.937566245,3.039173512,4.828074952,8.644969847,3.325962956,1.798087686,-1.157481822,..,..,..,..,..,..
GDP growth (annual %),NY.GDP.MKTP.KD.ZG,Lithuania,LTU,3.83166714,6.524430875,6.760749533,10.53856477,6.550083027,7.727407918,7.406444355,11.08695439,2.628077961,-14.81416332,1.639819649,6.049353497,3.834901869,3.506825683,3.495016165,1.778576184
GDP growth (annual %),NY.GDP.MKTP.KD.ZG,Luxembourg,LUX,8.239799112,2.531974923,3.819469797,1.62928705,3.612176707,3.172442733,5.178485966,8.354553209,-1.279585572,-4.358607005,4.86496856,2.539234839,-0.35251936,3.990191653,5.626930814,4.004256886
GDP growth (annual %),NY.GDP.MKTP.KD.ZG,"Macao SAR, China",MAC,5.746812741,2.888692254,8.946840342,11.65335943,26.75553264,8.059727508,13.31437143,14.44744958,3.393477558,1.321260872,25.26377445,21.67265903,9.237336768,11.20006656,-1.201149204,-21.53735642
GDP growth (annual %),NY.GDP.MKTP.KD.ZG,"Macedonia, FYR",MKD,4.549135778,-3.067245662,1.494028679,2.222222222,4.674428357,4.723377527,5.137025162,6.473486858,5.471711774,-0.358615842,3.358760114,2.339892284,-0.456184412,2.925265321,3.629641308,3.841623807
GDP growth (annual %),NY.GDP.MKTP.KD.ZG,Madagascar,MDG,4.760065099,6.017824403,-12.67378814,9.784892131,5.257003604,4.602899965,5.022607002,6.240578451,7.128513539,-4.013860583,0.263110856,1.454392168,3.027508092,2.25520404,3.315854149,3.054156022
GDP growth (annual %),NY.GDP.MKTP.KD.ZG,Malawi,MWI,1.576077837,-4.974963846,1.700000014,5.705639437,5.420497694,3.268725828,4.699999992,9.600000003,7.639736774,8.328110276,6.874065635,4.854055109,1.885799507,5.199999998,5.700000004,2.799999999
GDP growth (annual %),NY.GDP.MKTP.KD.ZG,Malaysia,MYS,8.858868086,0.517675306,5.390988339,5.788499277,6.783437723,5.332139139,5.584847075,9.427665099,3.319594256,-2.525825691,6.980956773,5.293791102,5.474385463,4.692919186,6.01216652,4.968785216
GDP growth (annual %),NY.GDP.MKTP.KD.ZG,Maldives,MDV,..,..,5.393036179,14.5505859,13.15992812,-8.124739464,19.88808227,10.17198604,12.67175573,-5.323751452,7.166771451,8.70933893,2.496489996,4.699793673,5.997326423,2.846643498
GDP growth (annual %),NY.GDP.MKTP.KD.ZG,Mali,MLI,-0.060834972,15.37623946,3.106308252,9.119041995,1.559998661,6.534762657,4.66218688,3.493616811,4.773382727,4.6790657,5.413452222,3.240252913,-0.836178866,2.303584809,7.043356204,5.962581591
GDP growth (annual %),NY.GDP.MKTP.KD.ZG,Malta,MLT,6.770193911,0.608353735,2.982818376,2.543768573,0.443412531,3.783652259,1.828716884,3.986448706,3.346512731,-2.462277722,3.542683214,1.396184922,2.581489744,4.511101387,8.305633821,7.426946131
GDP growth (annual %),NY.GDP.MKTP.KD.ZG,Marshall Islands,MHL,5.890694312,5.363361509,2.615853563,0.17013309,-0.055420414,2.750208991,1.923509469,3.554680998,-1.635904467,-1.709448155,6.437826623,1.676974188,3.699785173,2.359099012,-0.94969113,0.634466815
GDP growth (annual %),NY.GDP.MKTP.KD.ZG,Mauritania,MRT,-0.430406256,2.008796925,0.665004156,5.978253348,5.74742354,8.969422318,18.86909934,2.817836772,1.079967167,-1.042081704,4.773697175,4.704066531,5.795078172,6.090258732,5.579543854,1.4
GDP growth (annual %),NY.GDP.MKTP.KD.ZG,Mauritius,MUS,9.026614099,2.573570288,2.11331329,3.656856398,5.745767527,1.241387538,8.53825562,5.727016147,5.386962559,3.315076989,4.377203239,4.077538074,3.496118338,3.360406103,3.744574431,3.468664134
GDP growth (annual %),NY.GDP.MKTP.KD.ZG,Mexico,MEX,5.296473838,-0.60549239,0.131917169,1.422671242,4.295714251,3.032573659,4.944514348,3.204123017,1.40029037,-4.700338863,5.11019849,4.044613879,4.018173869,1.360077144,2.265333945,2.629402213
GDP growth (annual %),NY.GDP.MKTP.KD.ZG,"Micronesia, Fed. Sts.",FSM,4.5632095,1.747193334,0.599899534,1.825861414,-3.231262222,2.160556312,-0.163398426,-2.059676851,-2.559644172,0.961955354,2.530578819,2.050567151,0.564158003,-3.561500944,-3.402905331,3.772685535
GDP growth (annual %),NY.GDP.MKTP.KD.ZG,Moldova,MDA,2.107716052,6.100000281,7.799999787,6.599999906,7.39999984,7.500000095,4.799999869,3.000000199,7.8000001,-6.000000259,7.100000092,6.800000288,-0.700000153,9.400000099,4.799999749,-0.40000013
GDP growth (annual %),NY.GDP.MKTP.KD.ZG,Monaco,MCO,3.910231911,2.187729373,1.026496836,1.087535488,2.470486213,1.895413784,5.049346202,14.58244232,10,..,..,..,..,..,..,..
GDP growth (annual %),NY.GDP.MKTP.KD.ZG,Mongolia,MNG,1.146062137,2.952710544,4.732978464,7.004634576,10.62540596,7.253665441,8.556234809,10.24801636,8.900367946,-1.268598941,6.365161685,17.29077735,12.31981973,11.64891583,7.885225829,2.357171189
GDP growth (annual %),NY.GDP.MKTP.KD.ZG,Montenegro,MNE,3.099997417,1.100001032,1.899998858,2.499998406,4.400003554,4.192994029,8.566242791,10.65790133,6.922597533,-5.656917491,2.463732399,3.228454122,-2.723767869,3.54901408,1.783708964,3.40285677
GDP growth (annual %),NY.GDP.MKTP.KD.ZG,Morocco,MAR,1.912872981,7.319967454,3.121449656,5.961162155,4.797018362,3.291639684,7.574631645,3.531594152,5.923277686,4.243757321,3.815717917,5.245697297,3.009961262,4.5354242,2.551109611,4.508409692
GDP growth (annual %),NY.GDP.MKTP.KD.ZG,Mozambique,MOZ,1.678502985,12.72096582,8.794057581,6.500606668,7.811186108,8.720667877,9.851055465,7.426060991,6.876205447,6.351461683,6.687731849,7.117606632,7.198185826,7.1416833,7.443837429,6.593900796
GDP growth (annual %),NY.GDP.MKTP.KD.ZG,Myanmar,MMR,13.74593056,11.34399707,12.02551343,13.84399689,13.56466162,13.56895002,13.07610138,11.99143524,10.25530539,10.5500091,9.634439452,5.591482378,7.332670447,8.426001025,7.991243344,7.294031845
GDP growth (annual %),NY.GDP.MKTP.KD.ZG,Namibia,NAM,3.492183222,1.177948858,4.788661308,4.239794315,12.26954803,2.529262603,7.073175362,6.617094453,2.649811967,0.295971028,6.03924941,5.091338198,5.061682013,5.654360807,6.458809615,5.295222348
GDP growth (annual %),NY.GDP.MKTP.KD.ZG,Nauru,NRU,..,..,..,..,..,..,..,..,34.41929066,8.659698371,13.55082678,11.68452207,10.08655154,34.21498251,36.52409809,2.808191226
GDP growth (annual %),NY.GDP.MKTP.KD.ZG,Nepal,NPL,6.199999988,4.799762644,0.120266897,3.945037767,4.682603245,3.479181046,3.364614788,3.411560276,6.104639142,4.53307872,4.81641465,3.421828241,4.781192258,4.128877676,5.988984661,2.725272191
GDP growth (annual %),NY.GDP.MKTP.KD.ZG,Netherlands,NLD,4.238763069,2.124264345,0.103629981,0.283922581,2.030706315,2.160366002,3.518636961,3.698473106,1.699060778,-3.767583537,1.402662177,1.663626344,-1.057037404,-0.1903392,1.419690296,1.951710982
GDP growth (annual %),NY.GDP.MKTP.KD.ZG,New Caledonia,NCL,2.100108842,..,..,..,..,..,..,..,..,..,..,..,..,..,..,..
GDP growth (annual %),NY.GDP.MKTP.KD.ZG,New Zealand,NZL,2.903533358,3.446745774,4.66983749,4.557315977,3.947709732,3.301504908,2.80413966,2.887426896,-1.119512817,-0.304346043,1.527405275,2.270076783,2.245965409,2.449751486,3.404535318,2.431912842
GDP growth (annual %),NY.GDP.MKTP.KD.ZG,Nicaragua,NIC,4.101590153,2.960843529,0.753938941,2.520732936,5.31217052,4.282398305,3.804864617,5.076352018,3.435716936,-3.292665159,4.410099117,6.316685535,6.496136471,4.927094134,4.785460136,4.852964348
GDP growth (annual %),NY.GDP.MKTP.KD.ZG,Niger,NER,-1.40950935,7.104340612,2.999122036,5.299999998,0.100000001,4.499999999,5.800000002,3.146570396,9.587673209,-0.712671174,8.369239798,2.31140022,11.81366328,5.268378734,7.049797948,3.605301605
GDP growth (annual %),NY.GDP.MKTP.KD.ZG,Nigeria,NGA,5.318093381,4.411065196,3.784648183,10.35418456,33.73577503,3.444666813,8.210964859,6.828398348,6.270263697,6.934416004,7.839739477,4.887386611,4.279277314,5.394416311,6.309718253,2.652693623
GDP growth (annual %),NY.GDP.MKTP.KD.ZG,Northern Mariana Islands,MNP,..,..,..,0.408441116,-3.118644068,-12.66620014,-6.891025641,-6.712564544,-11.0701107,-17.53112033,1.383647799,-7.692307692,0.537634409,2.272727273,2.875816993,3.430749682
GDP growth (annual %),NY.GDP.MKTP.KD.ZG,Norway,NOR,3.205285075,2.085328038,1.437708805,0.919841882,3.959038034,2.624720536,2.395092468,2.929766043,0.384306042,-1.622533269,0.601886135,0.968780177,2.748817642,0.99870545,1.918819526,1.611027108
GDP growth (annual %),NY.GDP.MKTP.KD.ZG,Oman,OMN,5.401372717,4.482454096,-1.10056525,-2.668969447,1.292112564,2.49045836,5.372068299,4.452694304,8.199695813,6.112453761,4.803333796,-1.106912875,9.331575255,4.373319338,2.541561464,5.652702754
GDP growth (annual %),NY.GDP.MKTP.KD.ZG,Pakistan,PAK,4.260088012,1.982484032,3.224429973,4.846320935,7.368571359,7.667304271,6.177542036,4.832817277,1.701405465,2.831658519,1.606691959,2.74840255,3.50703342,4.396456633,4.674707981,4.712457804
GDP growth (annual %),NY.GDP.MKTP.KD.ZG,Palau,PLW,-1.312929561,4.317386231,6.599552573,-6.348373557,6.946778711,1.257202724,-2.741852043,-0.053191489,-5.588078765,-9.075535513,3.285802852,5.042016807,3.2,-2.436323367,4.256526674,9.363091998
GDP growth (annual %),NY.GDP.MKTP.KD.ZG,Panama,PAN,2.715373497,0.574273068,2.229149521,4.205495762,7.522080093,7.191278852,8.652465799,11.98398545,8.611646134,1.598358809,5.767349873,11.80806624,9.229952302,6.624158955,6.053334058,5.777393473
GDP growth (annual %),NY.GDP.MKTP.KD.ZG,Papua New Guinea,PNG,-2.494841729,-0.121288758,-0.158900358,2.164102531,2.721175412,6.344796039,2.294466151,7.151762439,6.610958325,6.14148229,7.674331651,10.66932893,8.087543144,5.537412004,8.533901802,..
GDP growth (annual %),NY.GDP.MKTP.KD.ZG,Paraguay,PRY,-2.314146032,-0.834057908,-0.021401975,4.320749918,4.057419171,2.133486167,4.807120262,5.421622463,6.35911702,-3.965695886,13.09300368,4.342407086,-1.238968506,14.03627767,4.722333745,2.962236311
GDP growth (annual %),NY.GDP.MKTP.KD.ZG,Peru,PER,2.694371398,0.617892326,5.453528938,4.165023137,4.958203206,6.285060325,7.528899044,8.518387769,9.126568301,1.095823659,8.332459107,6.327192402,6.139724706,5.852518211,2.354333038,3.251202425
GDP growth (annual %),NY.GDP.MKTP.KD.ZG,Philippines,PHL,4.411212506,2.893992411,3.645898141,4.970363731,6.697636425,4.777663462,5.242953041,6.616668505,4.152757145,1.148330408,7.632263916,3.659755139,6.683810237,7.064032939,6.145298786,6.066548903
GDP growth (annual %),NY.GDP.MKTP.KD.ZG,Poland,POL,4.559571179,1.248005438,2.041603894,3.562471549,5.135649521,3.493658515,6.179603987,7.034801987,4.249645295,2.820221932,3.606960459,5.016615962,1.60663717,1.390825533,3.282570093,3.844498822
GDP growth (annual %),NY.GDP.MKTP.KD.ZG,Portugal,PRT,3.787494022,1.943304038,0.768797435,-0.934205163,1.811582453,0.766785017,1.553053265,2.492001896,0.199272251,-2.978104284,1.898691753,-1.826852906,-4.028256714,-1.130155829,0.893093762,1.594439277
GDP growth (annual %),NY.GDP.MKTP.KD.ZG,Puerto Rico,PRI,1.512452504,9.849452032,1.773267622,1.19291552,1.760917241,0.56859912,-0.889569195,-3.325701786,-1.798808345,-2.361113517,-2.612530288,-1.890463033,-2.772499076,-0.577342697,..,..
GDP growth (annual %),NY.GDP.MKTP.KD.ZG,Qatar,QAT,..,3.898186617,7.182151741,3.719958636,19.21891532,7.492758506,26.17024568,17.98565679,17.66355638,11.95656114,19.59233153,13.37517641,4.687259177,4.410274619,3.978882147,3.551015687
GDP growth (annual %),NY.GDP.MKTP.KD.ZG,Romania,ROU,2.395094533,5.592002343,5.184192218,5.52427784,8.358591275,4.171914313,8.055560146,6.863757382,8.45898402,-7.06682807,-0.798465536,1.05629446,0.640965688,3.531603199,3.07630231,3.937968048
GDP growth (annual %),NY.GDP.MKTP.KD.ZG,Russian Federation,RUS,9.999999999,5.091984231,4.743669897,7.295854331,7.175949192,6.376187027,8.153431973,8.535080209,5.247953532,-7.820885027,4.503725626,4.264176565,3.517941865,1.279453911,0.731458212,-2.828240813
GDP growth (annual %),NY.GDP.MKTP.KD.ZG,Rwanda,RWA,8.357348703,8.510638298,13.18627451,2.208748376,7.415254237,9.388560158,9.231878832,7.692307692,11.15879828,6.287920574,7.291126103,7.787182588,8.840026924,4.700061843,7.619610159,8.873033297
GDP growth (annual %),NY.GDP.MKTP.KD.ZG,Samoa,WSM,6.918790299,6.93976583,4.343995595,4.515479143,4.625001948,4.156492103,1.968807932,6.322641763,1.009086658,-4.8082722,0.479158713,5.778544297,0.402103619,-1.933858756,1.196147337,1.634776026
GDP growth (annual %),NY.GDP.MKTP.KD.ZG,San Marino,SMR,2.182810368,5.607476636,0.252844501,3.909205549,4.611650485,2.320185615,3.854875283,3.493449782,1.898734177,..,..,..,..,..,..,..
GDP growth (annual %),NY.GDP.MKTP.KD.ZG,Sao Tome and Principe,STP,..,3.189933317,2.376877472,6.573472704,3.832227083,7.093770453,9.115646547,3.253604912,8.186171819,2.426281344,6.67198532,4.398201688,3.141975849,4.814794387,6.207681734,3.973255111
GDP growth (annual %),NY.GDP.MKTP.KD.ZG,Saudi Arabia,SAU,5.625416146,-1.210743868,-2.819174403,11.24206139,7.958441666,5.573850122,2.788402224,1.847130255,6.249772752,-2.059268192,5.039493675,9.996857794,5.411444902,2.699254721,3.652481701,4.106408869
GDP growth (annual %),NY.GDP.MKTP.KD.ZG,Senegal,SEN,3.186639102,4.580916419,0.654803692,6.683228134,5.870772214,5.622606857,2.461570253,4.938485083,3.682524403,2.423175917,4.179363063,1.761118048,4.411180285,3.485217346,4.311051022,6.485194754
GDP growth (annual %),NY.GDP.MKTP.KD.ZG,Serbia,SRB,7.759209405,4.992714031,7.115788087,4.415414059,9.046513062,5.540426974,4.904348856,5.888760078,5.366683424,-3.115971692,0.584478088,1.401465736,-1.015270388,2.571734107,-1.831301107,0.757715153
GDP growth (annual %),NY.GDP.MKTP.KD.ZG,Seychelles,SYC,1.514338815,-2.271162762,1.212831267,-5.887127528,-2.850453659,9.005761428,9.40612788,10.42143611,-2.146892655,-1.105245793,5.954962469,7.887279597,6.610243689,6.049822064,3.316985028,3.497813866
GDP growth (annual %),NY.GDP.MKTP.KD.ZG,Sierra Leone,SLE,6.652727885,-7.140319715,26.26857661,9.382384967,6.417536687,4.332484395,5.525833107,8.058321564,5.399676742,4.649512913,5.365143206,4.810186455,15.18176908,20.71576829,4.556772366,-20.49084799
GDP growth (annual %),NY.GDP.MKTP.KD.ZG,Singapore,SGP,8.897544418,-0.952290066,4.211686552,4.435328147,9.549175476,7.489157459,8.860196114,9.111527148,1.787620228,-0.603388298,15.24037704,6.224417276,3.871461938,5.001193478,3.572267228,1.932639785
GDP growth (annual %),NY.GDP.MKTP.KD.ZG,Sint Maarten (Dutch part),SXM,..,..,..,..,..,..,..,..,..,..,..,..,..,..,..,..
GDP growth (annual %),NY.GDP.MKTP.KD.ZG,Slovak Republic,SVK,1.210173376,3.316468195,4.522792238,5.418715934,5.258836403,6.750960834,8.452887748,10.79957705,5.629779025,-5.422542313,5.041716665,2.819099518,1.657148687,1.490646438,2.570852593,3.83108478
GDP growth (annual %),NY.GDP.MKTP.KD.ZG,Slovenia,SVN,4.15543396,2.949365533,3.836305277,2.842083009,4.351795539,4.003007364,5.655999211,6.941645669,3.300130299,-7.797276576,1.237755909,0.649366928,-2.689413589,-1.086922771,3.106280193,2.316644859
GDP growth (annual %),NY.GDP.MKTP.KD.ZG,Solomon Islands,SLB,-14.26748303,-7.978564432,-2.800002522,6.50000183,4.898370946,5.421193232,6.946649998,7.320001264,7.094495143,-4.727872457,6.895556838,12.92847503,4.660611855,3.014386846,1.507426291,3.734439834
GDP growth (annual %),NY.GDP.MKTP.KD.ZG,Somalia,SOM,..,..,..,..,..,..,..,..,..,..,..,..,..,..,..,..
GDP growth (annual %),NY.GDP.MKTP.KD.ZG,South Africa,ZAF,4.154544583,2.735495291,3.667796877,2.949078146,4.554569921,5.277111735,5.603664789,5.36046514,3.191051645,-1.538100864,3.039777063,3.284197135,2.213258978,2.489283287,1.699597618,1.298851191
GDP growth (annual %),NY.GDP.MKTP.KD.ZG,South Sudan,SSD,..,..,..,..,..,..,..,..,..,5.04164188,5.493416395,-4.640316736,-46.08212237,13.12973114,3.373648477,-6.349777952
GDP growth (annual %),NY.GDP.MKTP.KD.ZG,Spain,ESP,5.289093179,4.001069225,2.879762121,3.187571476,3.166746501,3.723102943,4.174119116,3.768895263,1.115972755,-3.57381203,0.013786544,-1.000080488,-2.929811429,-1.705894868,1.378998287,3.204680464
GDP growth (annual %),NY.GDP.MKTP.KD.ZG,Sri Lanka,LKA,6.00003316,-1.545408134,3.964675686,5.940269078,5.445061278,6.241748045,7.6682919,6.796826119,5.950088145,3.538912053,8.015959407,8.404738131,9.144579388,3.395709596,4.960719207,4.838363612
GDP growth (annual %),NY.GDP.MKTP.KD.ZG,St. Kitts and Nevis,KNA,10.69432286,5.463776713,2.582171284,-3.615200491,3.60667684,8.771436502,1.812029407,-0.176539062,6.291915218,-3.020041565,-2.249103079,2.398730628,-0.600550412,6.219894476,5.963056556,3.76291155
GDP growth (annual %),NY.GDP.MKTP.KD.ZG,St. Lucia,LCA,-0.214947765,-3.782505205,0.312087498,4.702623387,7.648706534,-0.489050183,6.832930711,0.960368187,4.177251561,-0.358222824,-1.698624575,0.238370506,-1.44858863,0.062513231,0.371774911,1.924748546
GDP growth (annual %),NY.GDP.MKTP.KD.ZG,St. Martin (French part),MAF,..,..,..,..,..,..,..,..,..,..,..,..,..,..,..,..
GDP growth (annual %),NY.GDP.MKTP.KD.ZG,St. Vincent and the Grenadines,VCT,1.637438391,1.709414612,6.323310422,7.689791237,4.15628429,2.488004855,7.688359209,-1.581573228,6.667012433,-2.099061259,-3.35352589,-0.419351482,1.380643001,1.832286046,1.152116207,1.603083784
GDP growth (annual %),NY.GDP.MKTP.KD.ZG,Sudan,SDN,6.345867769,6.500360421,6.427273901,7.734591717,3.883307291,7.489738142,10.064308,11.52191003,7.801963334,3.241847572,3.469335093,-1.967728979,0.521559267,4.394711132,2.679411813,4.906045175
GDP growth (annual %),NY.GDP.MKTP.KD.ZG,Suriname,SUR,-0.068687218,4.553077415,4.299944411,6.010154543,9.256031959,4.570714921,3.84213742,5.111487808,4.143406525,3.01369863,5.168825162,5.849367784,2.690350057,2.93344123,0.363600629,-2.702438069
GDP growth (annual %),NY.GDP.MKTP.KD.ZG,Swaziland,SWZ,1.760173966,1.054764931,4.38009899,3.880213616,3.623914301,5.998776347,5.992166754,4.435375791,0.821663887,1.565048937,3.793754698,2.247230019,4.735783817,6.857077142,4.246115263,1.464046363
GDP growth (annual %),NY.GDP.MKTP.KD.ZG,Sweden,SWE,4.735287133,1.563410279,2.073577213,2.385740236,4.32052981,2.818329618,4.688127152,3.404948895,-0.557047628,-5.18465903,5.988926547,2.664407951,-0.286320615,1.241204917,2.604326565,4.084960074
GDP growth (annual %),NY.GDP.MKTP.KD.ZG,Switzerland,CHE,3.946102508,1.446594802,0.143394375,0.049708149,2.842948357,3.038305348,4.012785508,4.140348369,2.277240085,-2.129618511,2.953816768,1.804553915,1.048102636,1.78057952,1.996886159,0.842236938
GDP growth (annual %),NY.GDP.MKTP.KD.ZG,Syrian Arab Republic,SYR,2.742857397,5.20094281,5.9,0.6,6.900000004,6.2,4.999999998,5.699999996,..,..,..,..,..,..,..,..
GDP growth (annual %),NY.GDP.MKTP.KD.ZG,Tajikistan,TJK,8.300001012,10.20000105,10.79999992,10.99999711,10.30000171,6.699997057,7.000001895,7.800001344,7.899997831,3.800000992,6.500000353,7.399999383,7.499999169,7.40000057,6.69925066,6
GDP growth (annual %),NY.GDP.MKTP.KD.ZG,Tanzania,TZA,4.933846627,5.997828858,7.163553536,6.886226532,7.828298381,8.173335834,4.660570995,8.464381242,5.566595648,5.382346168,6.358886081,7.904507572,5.141013621,7.26306003,6.965133317,6.959374422
GDP growth (annual %),NY.GDP.MKTP.KD.ZG,Thailand,THA,4.455676031,3.444243766,6.148879817,7.189329965,6.289288549,4.187834924,4.967916824,5.43509257,1.725667908,-0.690733346,7.513590658,0.839959472,7.242967294,2.732473309,0.914519144,2.941235423
GDP growth (annual %),NY.GDP.MKTP.KD.ZG,Timor-Leste,TLS,17.50563435,16.36690647,-6.646058733,-2.317880795,0.508474576,6.239460371,-5.714285714,11.44781145,14.19939577,12.96296296,10.42154567,8.059384942,5.789990186,2.875695733,5.861136159,4.3
GDP growth (annual %),NY.GDP.MKTP.KD.ZG,Togo,TGO,-0.783479606,-1.626806272,-0.922151022,4.954397666,2.119065316,1.180406956,4.052412542,2.290453889,2.225480232,3.510296675,3.99567877,4.883763946,4.820343516,3.967792633,5.871726319,5.365887582
GDP growth (annual %),NY.GDP.MKTP.KD.ZG,Tonga,TON,3.369839694,3.601788655,3.418876649,2.108581656,-0.351420004,1.582168376,-0.812222114,-4.165775722,3.094608298,2.299800398,3.57496943,2.792398475,0.889436669,-3.12616463,2.064684587,3.706201117
GDP growth (annual %),NY.GDP.MKTP.KD.ZG,Trinidad and Tobago,TTO,6.901359504,4.168524081,7.936709641,14.44141643,7.949593642,6.20899299,13.20805776,4.754189958,3.39042137,-4.390592479,3.323330512,-0.29435443,1.29397895,2.653918424,-0.575925253,-0.578521568
GDP growth (annual %),NY.GDP.MKTP.KD.ZG,Tunisia,TUN,4.709859945,3.796183827,1.322563618,4.702411815,6.235793869,3.486535815,5.244195185,6.709620392,4.237776836,3.043448955,3.510608639,-1.91717768,3.997666079,2.874754293,2.823159581,1.149408393
GDP growth (annual %),NY.GDP.MKTP.KD.ZG,Turkey,TUR,6.640061263,-5.962310691,6.430278602,5.608255023,9.644322663,9.009853214,7.109703381,5.030457776,0.845251442,-4.704465981,8.487372187,11.11349555,4.789940207,8.491309393,5.166690703,6.057629448
GDP growth (annual %),NY.GDP.MKTP.KD.ZG,Turkmenistan,TKM,5.469064133,4.343845714,0.257179925,3.26882856,5.000407438,13.04036341,10.96709551,11.05929947,14.7,6.100000115,9.199999988,14.69999993,11.09999996,10.2000001,10.29999997,6.49999991
GDP growth (annual %),NY.GDP.MKTP.KD.ZG,Turks and Caicos Islands,TCA,..,..,..,..,..,..,..,..,..,..,..,..,..,..,..,..
GDP growth (annual %),NY.GDP.MKTP.KD.ZG,Tuvalu,TUV,-0.970599814,1.634107644,7.886174359,-3.333536533,-1.352181114,-3.779729962,2.138938329,6.350564875,7.983260905,-4.432851394,-2.729427912,8.453323926,0.174458145,1.298187614,2.235865935,2.642147236
GDP growth (annual %),NY.GDP.MKTP.KD.ZG,Uganda,UGA,3.141907338,5.183661126,8.732685764,6.473258671,6.807233344,6.332565116,10.78474439,8.412425966,8.708751901,6.736995437,5.664369913,9.438932596,3.85329199,3.57422022,5.246819027,4.993405192
GDP growth (annual %),NY.GDP.MKTP.KD.ZG,Ukraine,UKR,5.9,9.200000008,5.199999971,9.40000001,12.10000001,2.699999975,7.300000033,7.900000766,2.299999991,-14.80000002,4.200000018,5.465531905,0.238681306,-0.026729649,-6.552618891,-9.772973947
GDP growth (annual %),NY.GDP.MKTP.KD.ZG,United Arab Emirates,ARE,10.8527042,1.399085028,2.433456814,8.800540817,9.566436643,4.855141195,9.837319773,3.184390174,3.191836271,-5.242921906,1.635449055,6.358920202,5.104679427,5.789906075,3.284926134,3.82886705
GDP growth (annual %),NY.GDP.MKTP.KD.ZG,United Kingdom,GBR,3.744962443,2.726107338,2.397248284,3.466238898,2.52787714,2.972095798,2.50300856,2.555819112,-0.627205201,-4.327737609,1.915161833,1.509061782,1.313018598,1.911078411,3.070483794,2.194229035
GDP growth (annual %),NY.GDP.MKTP.KD.ZG,United States,USA,4.092176449,0.975981834,1.786127687,2.806775956,3.78574285,3.345216063,2.666625826,1.77857024,-0.291621459,-2.775529574,2.531920616,1.601454672,2.224030854,1.67733153,2.370457671,2.596148041
GDP growth (annual %),NY.GDP.MKTP.KD.ZG,Uruguay,URY,-1.92993064,-3.844129967,-7.732007212,0.805283917,5.004160365,7.460132106,4.098577362,6.541510848,7.176144662,4.243494178,7.803409668,5.162133026,3.538178707,4.637538643,3.238791216,0.370741267
GDP growth (annual %),NY.GDP.MKTP.KD.ZG,Uzbekistan,UZB,3.799999993,4.200000008,3.999999997,4.199999999,7.699999998,7.000000005,7.299999997,9.921153848,9,8.099999996,8.500000001,8.299999999,8.200000001,8.000000001,7.792522371,7.999999999
GDP growth (annual %),NY.GDP.MKTP.KD.ZG,Vanuatu,VUT,5.922044539,-3.488507759,-5.111218569,4.293431178,3.984754831,5.30285231,8.465159865,5.173513258,6.448521358,3.312815802,1.629081596,1.223225535,1.754749927,1.96914608,2.331006215,-0.801094177
GDP growth (annual %),NY.GDP.MKTP.KD.ZG,"Venezuela, RB",VEN,3.686944167,3.394236108,-8.855647353,-7.75530005,18.28660669,10.3179138,9.872149109,8.753578808,5.277854124,-3.202302657,-1.488791251,4.176425359,5.625956975,1.343094036,..,..
GDP growth (annual %),NY.GDP.MKTP.KD.ZG,Vietnam,VNM,6.787316408,6.192893312,6.320820988,6.899063492,7.536410612,7.547247727,6.977954812,7.129504484,5.661771208,5.397897543,6.423238217,6.240302749,5.247367156,5.421882991,5.983654637,6.679288789
GDP growth (annual %),NY.GDP.MKTP.KD.ZG,Virgin Islands (U.S.),VIR,..,..,..,-0.334104343,2.939659618,3.632264529,3.625815809,4.03545603,0.941704036,-6.64149267,0.904116108,-8.158453195,-15.01925546,-5.80060423,-0.962155228,0.194300518
GDP growth (annual %),NY.GDP.MKTP.KD.ZG,West Bank and Gaza,PSE,-8.556183567,-9.310639083,-12.4891918,14.01586702,10.34306979,10.7987619,-3.900598328,6.590593544,6.079293361,8.662535255,8.099088919,12.4136354,6.284236374,2.217422213,-0.181891133,3.428732213
GDP growth (annual %),NY.GDP.MKTP.KD.ZG,"Yemen, Rep.",YEM,6.181915593,3.803645872,3.935231505,3.747398185,3.972696401,5.591748076,3.170409359,3.338427956,3.64756947,3.866229516,7.70230704,-12.7148969,2.392990209,4.823519067,-0.188690232,-28.09683489
GDP growth (annual %),NY.GDP.MKTP.KD.ZG,Zambia,ZMB,3.897322943,5.316868274,4.50601428,6.944973982,7.032395115,7.235599007,7.903694445,8.352436244,7.773895815,9.220348406,10.29820585,5.564624717,7.597616969,5.059376378,4.695826373,2.91988111
GDP growth (annual %),NY.GDP.MKTP.KD.ZG,Zimbabwe,ZWE,-3.059189626,1.439615074,-8.894023417,-16.99507453,-5.807538303,-5.711083833,-3.46149505,-3.653327043,-17.6689466,8.709225274,15.44687248,16.33246722,13.60917016,5.270354548,2.765270701,1.42393339
